{"cameraMode":{"drawMode":0,"name":"Shaded","section":"Shading Mode"},"sceneLighting":false,"audioPlay":false,"sceneViewState":{"showFog":true,"showMaterialUpdate":false,"showSkybox":true,"showFlares":true,"showImageEffects":true,"showParticleSystems":true},"in2DMode":false,"pivot":{"x":-4.200859546661377,"y":0.7040410041809082,"z":0.7539438009262085},"rotation":{"x":-0.08223949372768402,"y":0.6569797396659851,"z":-0.07243463397026062,"w":-0.7459005117416382},"size":10.213783264160157,"orthographic":false}